"MATCH_SCORE","ID_1","NAME_1","HOSTNAME_1","NEIGHB_1","LATITUDE_1","LONGITUDE_1","ROOM_TYPE_1","ID_2","NAME_2","HOSTNAME_2","NEIGHB_2","LATITUDE_2","LONGITUDE_2","ROOM_TYPE_2"
"100","675675","Angolo Romano b&b Vaticano M.Cipro","Gianfranco","I Centro Storico","4,190,909","1,244,512","Private room","268618","angolo romano b&b Vaticano M.Cipro","Gianfranco","I Centro Storico","4,190,938","1,244,607","Private room"
"100","677599","Angolo Romano b&b Vaticano M.Cipro","Gianfranco","I Centro Storico","4,190,905","1,244,511","Private room","268618","angolo romano b&b Vaticano M.Cipro","Gianfranco","I Centro Storico","4,190,938","1,244,607","Private room"
"100","677815","Angolo Romano b&b Vaticano M.Cipro","Gianfranco","I Centro Storico","419,079","124,444","Private room","268618","angolo romano b&b Vaticano M.Cipro","Gianfranco","I Centro Storico","4,190,938","1,244,607","Private room"
"100","354949","Private room w/bathroom Rainbow b&b","Michela","I Centro Storico","4,190,981","1,245,758","Entire home/apt","316438","Private room w/bathroom Rainbow b&b","Michela","I Centro Storico","4,191,024","1,245,733","Entire home/apt"
"100","711057","Gelsomina room in S.Pietro Double","Mattia","I Centro Storico","419,063","1,245,823","Private room","339909","Gelsomina room in S.Pietro double","Mattia","I Centro Storico","4,190,767","1,245,706","Private room"
"100","552958","Romahouse Vatican View Apartment 11","Daniela","XIII Aurelia","4,189,642","1,244,813","Entire home/apt","400179","Romahouse Vatican View Apartment 11","Daniela","XIII Aurelia","4,189,636","1,244,932","Entire home/apt"
"100","678572","Bright rooms in the heart of Rome","Davide","VIII Appia Antica","418,536","1,247,476","Private room","621975","Bright room in the heart of Rome","Davide","VIII Appia Antica","4,185,502","1,247,387","Private room"
"100","678599","Bright rooms in the heart of Rome","Davide","VIII Appia Antica","4,185,421","1,247,472","Private room","621975","Bright room in the heart of Rome","Davide","VIII Appia Antica","4,185,502","1,247,387","Private room"
"100","677599","Angolo Romano b&b Vaticano M.Cipro","Gianfranco","I Centro Storico","4,190,905","1,244,511","Private room","675675","Angolo Romano b&b Vaticano M.Cipro","Gianfranco","I Centro Storico","4,190,909","1,244,512","Private room"
"100","677815","Angolo Romano b&b Vaticano M.Cipro","Gianfranco","I Centro Storico","419,079","124,444","Private room","675675","Angolo Romano b&b Vaticano M.Cipro","Gianfranco","I Centro Storico","4,190,909","1,244,512","Private room"
"100","677815","Angolo Romano b&b Vaticano M.Cipro","Gianfranco","I Centro Storico","419,079","124,444","Private room","677599","Angolo Romano b&b Vaticano M.Cipro","Gianfranco","I Centro Storico","4,190,905","1,244,511","Private room"
"100","678599","Bright rooms in the heart of Rome","Davide","VIII Appia Antica","4,185,421","1,247,472","Private room","678572","Bright rooms in the heart of Rome","Davide","VIII Appia Antica","418,536","1,247,476","Private room"
"100","1229976","Apartment in Rome on the Lake","Livia","XV Cassia/Flaminia","4,211,997","1,232,845","Entire home/apt","1034024","Apartment in Rome on the Lake","Livia","XV Cassia/Flaminia","4,212,059","123,243","Entire home/apt"
"100","1230046","Apartment in Rome on the Lake","Livia","XV Cassia/Flaminia","4,211,906","1,232,344","Entire home/apt","1034024","Apartment in Rome on the Lake","Livia","XV Cassia/Flaminia","4,212,059","123,243","Entire home/apt"
"100","1054438","B&B - Center of Rome - Termini","Francesca","I Centro Storico","4,190,756","1,249,816","Private room","1002079","B&B - Center of Rome - Termini","Francesca","I Centro Storico","4,190,801","1,249,627","Private room"
"100","1054445","B&B - Center of Rome - Termini","Francesca","I Centro Storico","4,190,788","12,497","Private room","1002079","B&B - Center of Rome - Termini","Francesca","I Centro Storico","4,190,801","1,249,627","Private room"
"100","1054445","B&B - Center of Rome - Termini","Francesca","I Centro Storico","4,190,788","12,497","Private room","1054438","B&B - Center of Rome - Termini","Francesca","I Centro Storico","4,190,756","1,249,816","Private room"
"100","1286823","Dormitory mixed  (M and F)","Romangelo","I Centro Storico","4,190,017","125,022","Shared room","1218665","Dormitory mixed  (M and F)","Romangelo","I Centro Storico","4,189,945","1,250,229","Shared room"
"100","1230046","Apartment in Rome on the Lake","Livia","XV Cassia/Flaminia","4,211,906","1,232,344","Entire home/apt","1229976","Apartment in Rome on the Lake","Livia","XV Cassia/Flaminia","4,211,997","1,232,845","Entire home/apt"
"100","1200376","B&B Le Baruffe","B&B Le Baruffe Paola & Matteo","IX Eur","4,175,743","124,979","Private room","1196630","B&B Le Baruffe","B&B Le Baruffe Paola & Matteo","IX Eur","4,175,756","1,249,745","Private room"
"100","820984","St Peter-Big apart in front of Dome","Nicola","I Centro Storico","4,190,571","1,245,951","Entire home/apt","1325688","St Peter-Big apart in front of Dome","Nicola","I Centro Storico","4,190,703","1,245,759","Entire home/apt"
"100","1272534","Central Rome, room with private bathroom","Sabrina  & Roberto","XII Monte Verde","4,187,384","1,246,161","Private room","1325870","Central Rome, room with private bathroom","Sabrina  & Roberto","XII Monte Verde","4,187,562","1,246,143","Private room"
"100","995864","B&B A Casa di Lia Home in Rome","Lia","II Parioli/Nomentano","4,192,374","124,669","Private room","1480512","B&B A Casa di Lia Home in Rome","Lia","II Parioli/Nomentano","4,192,495","1,246,565","Private room"
"100","1272534","Central Rome, room with private bathroom","Sabrina  & Roberto","XII Monte Verde","4,187,384","1,246,161","Private room","1719412","Central Rome, room with private bathroom","Sabrina  & Roberto","XII Monte Verde","4,187,604","1,246,185","Private room"
"100","1295484","Central Rome, room on Gianicolo Hill","Sabrina  & Roberto","XII Monte Verde","4,187,548","1,246,068","Private room","1722762","Central Rome, room on Gianicolo Hill","Sabrina  & Roberto","XII Monte Verde","4,187,381","1,246,088","Private room"
"100","797304","APARTMENT TRASTEVERE 8 people","Manuela","XII Monte Verde","4,187,931","124,675","Entire home/apt","2001397","Apartment Trastevere 8 people","Manuela","XII Monte Verde","4,188,073","1,246,606","Entire home/apt"
"100","777449","Trastevere 8 bed Apartment","Manuela","XII Monte Verde","4,187,942","1,246,635","Entire home/apt","2698885","Trastevere 8 bed Apartment","Manuela","XII Monte Verde","4,187,901","1,246,576","Entire home/apt"
"100","981164","BIG DOUBLE BEDROOM CLOSE TO METRO A","Marco","XIII Aurelia","4,190,552","1,242,324","Private room","2620391","Big double bedroom close to Metro A","Marco","XIII Aurelia","4,190,278","1,241,773","Private room"
"100","1248421","Colosseo - Independent Apartment with Living Room","Maria Alberta","I Centro Storico","4,188,687","1,249,831","Entire home/apt","2855389","Colosseo - Independent Apartment with Living Room","Maria Alberta","I Centro Storico","4,188,692","1,249,832","Entire home/apt"
"100","683861","Green Apartments Rome N°4","Andrea","I Centro Storico","4,188,967","1,250,171","Entire home/apt","5178700","Green Apartments Rome N°3","Andrea","I Centro Storico","4,188,947","1,250,106","Entire home/apt"
"100","1248421","Colosseo - Independent Apartment with Living Room","Maria Alberta","I Centro Storico","4,188,687","1,249,831","Entire home/apt","6507223","Colosseo - Independent Apartment with Living Room","Maria Alberta","I Centro Storico","4,188,818","1,249,673","Entire home/apt"
"100","990775","YOUR HOME AWAY FROM HOME","Giorgio","V Prenestino/Centocelle","4,188,895","1,252,623","Private room","8680346","your home away from home","Giorgio","V Prenestino/Centocelle","4,188,917","1,252,611","Private room"
"100","683861","Green Apartments Rome N°4","Andrea","I Centro Storico","4,188,967","1,250,171","Entire home/apt","4222374","Green Apartments Rome N°2","Andrea","I Centro Storico","4,188,878","124,997","Entire home/apt"
"100","946986","Apartment Trastevere","Manuela","XII Monte Verde","4,187,894","1,246,725","Entire home/apt","4610124","Apartment Trastevere","Manuela","XII Monte Verde","418,806","1,246,775","Entire home/apt"
"100","930540","Locanda Al Viminale","Riccardo","I Centro Storico","4,189,922","1,249,415","Entire home/apt","11898911","locanda al viminale","Riccardo","I Centro Storico","4,189,958","1,249,415","Entire home/apt"
"100","1164706","Le rose B&B camera matrimoniale","Anna","II Parioli/Nomentano","4,192,725","1,251,374","Private room","14438363","Le rose B&B camera matrimoniale","Anna","II Parioli/Nomentano","419,261","125,135","Private room"
"100","1187009","Domus Appia Antica, 2 bedrooms and terrace","Enrico","VII San Giovanni/Cinecittà","4,183,481","1,259,606","Entire home/apt","21847426","Domus Appia Antica, 2 bedrooms and terrace","Enrico","VII San Giovanni/Cinecittà","4,183,354","1,259,602","Entire home/apt"
"100","831224","Loft in Rome","Andrea","VI Roma delle Torri","4,187,328","1,259,528","Entire home/apt","28206657","Loft in Rome","Andrea","I Centro Storico","41,895","1,250,042","Entire home/apt"
"100","1077984","Splendid Modern in Trastevere","Marco","I Centro Storico","4,188,815","1,247,064","Entire home/apt","106","Splendid Modern in Trastevere","Marco","I Centro Storico","4,188,815","1,247,064","Entire home/apt"
"100","1078201","B & B Room at St. John Lateran","Fatinha","VII San Giovanni/Cinecittà","4,188,023","1,250,686","Private room","107","B & B Room at St. John Lateran","Fatinha","VII San Giovanni/Cinecittà","4,188,023","1,250,686","Private room"
"100","1078734","The Palatine Garden Apartment","Maurizio","I Centro Storico","418,913","1,248,315","Entire home/apt","108","The Palatine Garden Apartment","Maurizio","I Centro Storico","418,913","1,248,315","Entire home/apt"
"100","1075281","Villa&giardino Appia Antica -FreeParkingArea","Anna","VIII Appia Antica","4,183,656","1,254,703","Entire home/apt","105","Villa&giardino Appia Antica -FreeParkingArea","Anna","VIII Appia Antica","4,183,656","1,254,703","Entire home/apt"
"98","553345","Coloured room in San Giovanni!","Anna Rita","VII San Giovanni/Cinecittà","4,187,178","1,252,855","Private room","581753","Coloured room near San Giovanni!","Anna Rita","VII San Giovanni/Cinecittà","4,187,239","1,252,815","Private room"
"98","797304","APARTMENT TRASTEVERE 8 people","Manuela","XII Monte Verde","4,187,931","124,675","Entire home/apt","710876","Apartment at Trastevere Nievo 8people","Manuela","XII Monte Verde","4,188,056","1,246,623","Entire home/apt"
"98","946986","Apartment Trastevere","Manuela","XII Monte Verde","4,187,894","1,246,725","Entire home/apt","703644","Apartment Trastevere 3","Manuela","XII Monte Verde","4,187,964","1,246,622","Entire home/apt"
"98","856744","Campo dè Fiori  - Romantic Terrace","Rent In Rome","I Centro Storico","4,189,504","1,247,462","Entire home/apt","561122","Campo dè Fiori Terrace","Rent In Rome","I Centro Storico","4,189,396","1,247,498","Entire home/apt"
"98","783263","GUEST HOUSE NAVONA2 alloggio turistico autorizzato","Massimo Giuseppe","I Centro Storico","4,190,129","1,247,463","Entire home/apt","561231","GUEST HOUSE NAVONA alloggio turistico autorizzato","Massimo Giuseppe","I Centro Storico","4,190,131","1,247,322","Entire home/apt"
"98","933324","B&B Vaticano/San Pietro Camera doppia/Matrimoniale","Andrea","XIII Aurelia","4,189,787","1,245,507","Private room","874822","B&B Vaticano/San Pietro Camera Matrimoniale","Andrea","XIII Aurelia","4,190,052","1,244,447","Private room"
"98","908444","GIANICOLO SUITE AIRONE B&B","LUIGI And MARIA PIA","XII Monte Verde","418,862","1,245,875","Private room","894714","GIANICOLO SUITE B&B","LUIGI And MARIA PIA","XII Monte Verde","4,188,598","1,245,812","Private room"
"98","995829","2 be home Colosseo b&b ensuite","Lory","I Centro Storico","4,189,116","1,250,236","Private room","995129","2 be home Colosseo b&b","Lory","I Centro Storico","4,189,127","1,250,207","Private room"
"98","954590","Rome@Home146 Monti MONO Top Choice","Annapiera","I Centro Storico","4,189,716","1,249,446","Entire home/apt","944620","Rome@Home146 - Monti Top Choice!!","Annapiera","I Centro Storico","4,189,698","1,249,491","Entire home/apt"
"98","1136842","Navona Queen rooftop Piazza Navona Rome","Matteo","I Centro Storico","4,189,912","1,246,728","Private room","1114163","Navona Queen rooftop  Piazza Navona Roma","Matteo","I Centro Storico","4,189,939","1,246,763","Private room"
"98","1286735","Dormitory mixed  (M and F)3","Romangelo","I Centro Storico","4,189,989","1,250,231","Shared room","1218665","Dormitory mixed  (M and F)","Romangelo","I Centro Storico","4,189,945","1,250,229","Shared room"
"98","1286823","Dormitory mixed  (M and F)","Romangelo","I Centro Storico","4,190,017","125,022","Shared room","1286735","Dormitory mixed  (M and F)3","Romangelo","I Centro Storico","4,189,989","1,250,231","Shared room"
"98","1078734","The Palatine Garden Apartment","Maurizio","I Centro Storico","418,913","1,248,315","Entire home/apt","1663086","The Palatine Garden 2 Apartment","Maurizio","I Centro Storico","418,899","1,248,181","Entire home/apt"
"98","987106","View from the Top","Barry","I Centro Storico","4,189,947","1,246,624","Entire home/apt","2079134","View from the Top Annex","Barry","I Centro Storico","4,189,977","1,246,613","Entire home/apt"
"98","896479","Affitto stanza singola","Annalisa","I Centro Storico","419,123","1,244,991","Private room","4834392","Stanza singola","Annalisa","I Centro Storico","419,119","1,244,869","Private room"
"98","1218665","Dormitory mixed  (M and F)","Romangelo","I Centro Storico","4,189,945","1,250,229","Shared room","6286270","Dormitory mixed  (M and F)4","Romangelo","I Centro Storico","419,002","1,250,312","Shared room"
"98","1286823","Dormitory mixed  (M and F)","Romangelo","I Centro Storico","4,190,017","125,022","Shared room","6286270","Dormitory mixed  (M and F)4","Romangelo","I Centro Storico","419,002","1,250,312","Shared room"
"98","1215739","La Dolce Vita","Pierfrancesco","I Centro Storico","4,190,383","1,248,701","Entire home/apt","4408563","La Dolce Vita Two","Pierfrancesco","I Centro Storico","4,190,346","1,248,695","Entire home/apt"
"98","809637","TRASTEVERE 9 apartment","Manuela","XII Monte Verde","4,188,029","124,681","Entire home/apt","4609042","Trastevere 9 bed apartment","Manuela","XII Monte Verde","4,187,905","124,681","Entire home/apt"
"98","703644","Apartment Trastevere 3","Manuela","XII Monte Verde","4,187,964","1,246,622","Entire home/apt","4610124","Apartment Trastevere","Manuela","XII Monte Verde","418,806","1,246,775","Entire home/apt"
"98","962044","Sweet Room#Terrace#Metro B","Luigi","VIII Appia Antica","4,185,076","1,247,761","Private room","12596517","Sweet Double Room#Terrace#Metro B","Luigi","VIII Appia Antica","4,185,251","1,247,712","Private room"
"98","790163","APARTMENT IN VATICAN AREA","Maria","I Centro Storico","4,190,895","1,246,439","Entire home/apt","11035051","Cozy apartment - Vatican area","Maria","I Centro Storico","4,190,631","124,577","Entire home/apt"
"98","1274186","SUPER CENTRAL APARTMENT 2","Sean","I Centro Storico","418,962","1,247,315","Entire home/apt","11411137","SUPER CENTRAL APARTMENT","Sean","I Centro Storico","4,189,383","1,247,343","Entire home/apt"
"98","923109","sweethome","Valentina","II Parioli/Nomentano","4,191,801","1,252,387","Entire home/apt","14276832","Sweet Home Colosseo","Valentina","I Centro Storico","4,188,793","1,249,581","Entire home/apt"
"98","1120573","Youth Station Hostel - Rome","Marco","II Parioli/Nomentano","4,191,486","1,252,224","Shared room","21875866","Youth Station Hostel","Marco","II Parioli/Nomentano","4,191,348","1,252,129","Shared room"
"98","834023","Trastevere mattonato heart of rome","Ilaria","I Centro Storico","4,189,101","1,246,877","Entire home/apt","18183753","Trastevere Mattonato Heart of Rome 2","Ilaria","I Centro Storico","4,188,953","1,246,834","Entire home/apt"
"98","1245294","Cheap Room to rent in Rome!","Claudia","III Monte Sacro","4,193,807","1,253,572","Private room","19931206","Cheap rooms to rent in Rome/2","Claudia","III Monte Sacro","4,193,829","1,253,621","Private room"
"98","1019643","Newly restored Spanish Steps area","Giacomo","I Centro Storico","4,190,802","1,247,867","Entire home/apt","25887796","Newly restored with terrace in Spanish Steps area","Giacomo","I Centro Storico","4,190,842","1,247,904","Entire home/apt"
"98","1223667","Green single room in Pigneto Subway C","Nezha","V Prenestino/Centocelle","4,188,998","1,253,204","Private room","23125972","Single Room in the  Pigneto Subway C","Nezha","V Prenestino/Centocelle","4,189,018","1,253,289","Private room"
"98","778087","Tripla","Corrado","I Centro Storico","4,189,339","1,250,688","Private room","24017443","Tripla Deluxe","Corrado","I Centro Storico","4,189,746","1,250,095","Private room"
"98","1234389","House Maximo at Colosseum","Olga","I Centro Storico","418,882","1,250,932","Entire home/apt","27949151","HOUSE MAXIMO AT COLOSSEUM SUITE","Olga","I Centro Storico","4,188,805","1,250,724","Entire home/apt"
"98","967339","Target Inn Hotel","Target Inn Rome","I Centro Storico","4,190,291","1,249,388","Private room","23071758","Suite Target Inn Hotel","Target Inn Rome","I Centro Storico","4,190,126","1,249,581","Private room"
"98","561736","Room 2 - pvt bathroom near Colosseum","Luca-Paola - B&B In My Place","I Centro Storico","4,189,247","1,251,379","Private room","31354921","Room 2 - pvt bathroom - near Colosseum","Paola-Luca B&B In My Place","I Centro Storico","4,189,351","1,251,281","Private room"
"98","971672","St. Peter - Big and quiet apartment","Nicola","I Centro Storico","4,191,011","1,246,043","Entire home/apt","34446400","St. Peter - Big, quite and comfortable apartment","Nicola","I Centro Storico","4,191,029","1,245,509","Entire home/apt"
"98","1084807","St. Peter-Big, quiet & comfortable","Nicola","I Centro Storico","4,190,857","1,245,875","Entire home/apt","34446400","St. Peter - Big, quite and comfortable apartment","Nicola","I Centro Storico","4,191,029","1,245,509","Entire home/apt"
"97","922212","Domus Diana - guest accomodation","Diana","I Centro Storico","418,902","1,250,118","Private room","359979","Domus Diana","Diana","I Centro Storico","4,189,373","1,250,093","Private room"
"97","1112762","ROME CENTRE COLOSSEUM **WiFI **","Edo & Melany","I Centro Storico","4,189,066","1,249,715","Entire home/apt","576496","ROME CENTRE COLOSSEUM **Wi fi ! ***","Edo & Melany","I Centro Storico","4,189,073","124,953","Entire home/apt"
"97","946986","Apartment Trastevere","Manuela","XII Monte Verde","4,187,894","1,246,725","Entire home/apt","648816","APARTMENT TRASTEVERE Nievo B8","Manuela","XII Monte Verde","4,187,984","1,246,801","Entire home/apt"
"97","946986","Apartment Trastevere","Manuela","XII Monte Verde","4,187,894","1,246,725","Entire home/apt","710876","Apartment at Trastevere Nievo 8people","Manuela","XII Monte Verde","4,188,056","1,246,623","Entire home/apt"
"97","946986","Apartment Trastevere","Manuela","XII Monte Verde","4,187,894","1,246,725","Entire home/apt","711027","APARTMENT TRASTEVERE NIEVO B2","Manuela","XII Monte Verde","4,188,073","1,246,791","Entire home/apt"
"97","946986","Apartment Trastevere","Manuela","XII Monte Verde","4,187,894","1,246,725","Entire home/apt","859809","Apartment at Trastevere Nievo B7","Manuela","XII Monte Verde","4,188,082","1,246,768","Entire home/apt"
"97","946986","Apartment Trastevere","Manuela","XII Monte Verde","4,187,894","1,246,725","Entire home/apt","797304","APARTMENT TRASTEVERE 8 people","Manuela","XII Monte Verde","4,187,931","124,675","Entire home/apt"
"97","804631","Cibele B&B - Rome Center Air Room","Emma","I Centro Storico","41,895","1,249,246","Private room","804601","Cibele B&B - Rome Center Earth Room","Emma","I Centro Storico","4,189,555","124,908","Private room"
"97","1086384","il fascino di roma","Alessia","VII San Giovanni/Cinecittà","4,187,261","1,252,242","Private room","1086364","TURRA BEB IL FASCINO DI ROMA","Alessia","VII San Giovanni/Cinecittà","4,187,406","1,252,259","Private room"
"97","995760","Nice room with balcony in San Saba","Tiziana","I Centro Storico","4,187,895","1,248,363","Private room","1362773","Nice room w/ balcony in San Saba 2","Tiziana","I Centro Storico","4,187,778","1,248,345","Private room"
"97","946986","Apartment Trastevere","Manuela","XII Monte Verde","4,187,894","1,246,725","Entire home/apt","2001397","Apartment Trastevere 8 people","Manuela","XII Monte Verde","4,188,073","1,246,606","Entire home/apt"
"97","946986","Apartment Trastevere","Manuela","XII Monte Verde","4,187,894","1,246,725","Entire home/apt","2698955","Apartment 9 beds Trastevere","Manuela","XII Monte Verde","4,188,038","1,246,597","Entire home/apt"
"97","808450","IN THE HEART OF ROME","Francesca","I Centro Storico","4,189,553","1,247,337","Entire home/apt","3778842","The very heart of Rome. Trevi!","Francesca","I Centro Storico","4,190,066","1,248,322","Entire home/apt"
"97","946986","Apartment Trastevere","Manuela","XII Monte Verde","4,187,894","1,246,725","Entire home/apt","4578711","Apartment at Trastevere Nievo B5","Manuela","XII Monte Verde","4,188,091","1,246,736","Entire home/apt"
"97","808450","IN THE HEART OF ROME","Francesca","I Centro Storico","4,189,553","1,247,337","Entire home/apt","5342976","Feel at home in the heart of Rome","Francesca","I Centro Storico","4,190,678","1,246,314","Entire home/apt"
"97","946986","Apartment Trastevere","Manuela","XII Monte Verde","4,187,894","1,246,725","Entire home/apt","4609278","Apartment at Trastevere 9 beds","Manuela","XII Monte Verde","4,187,949","1,246,776","Entire home/apt"
"97","711027","APARTMENT TRASTEVERE NIEVO B2","Manuela","XII Monte Verde","4,188,073","1,246,791","Entire home/apt","4610124","Apartment Trastevere","Manuela","XII Monte Verde","418,806","1,246,775","Entire home/apt"
"97","859809","Apartment at Trastevere Nievo B7","Manuela","XII Monte Verde","4,188,082","1,246,768","Entire home/apt","4610124","Apartment Trastevere","Manuela","XII Monte Verde","418,806","1,246,775","Entire home/apt"
"97","797304","APARTMENT TRASTEVERE 8 people","Manuela","XII Monte Verde","4,187,931","124,675","Entire home/apt","4610124","Apartment Trastevere","Manuela","XII Monte Verde","418,806","1,246,775","Entire home/apt"
"97","808450","IN THE HEART OF ROME","Francesca","I Centro Storico","4,189,553","1,247,337","Entire home/apt","10961012","EXCLUSIVE APARTMENT in the heart of Rome","Francesca","I Centro Storico","4,190,753","1,249,614","Entire home/apt"
"97","1181365","Coronari center cozy penthouse & amazing terrace","King Edward","I Centro Storico","4,190,035","1,246,881","Entire home/apt","18387453","Cozy penthouse & amazing terrace","King Edward","I Centro Storico","4,189,586","1,249,211","Entire home/apt"
"97","772482","Family room","George","I Centro Storico","4,188,897","1,250,734","Private room","16583516","Nice Villa Family Room","George","I Centro Storico","4,189,074","1,251,168","Private room"
"97","808450","IN THE HEART OF ROME","Francesca","I Centro Storico","4,189,553","1,247,337","Entire home/apt","19187386","Nice apartment in the heart of Rome","Francesca","I Centro Storico","4,190,048","1,247,021","Entire home/apt"
"97","967339","Target Inn Hotel","Target Inn Rome","I Centro Storico","4,190,291","1,249,388","Private room","23071653","Quadrupla Deluxe Target Inn Hotel","Target Inn Rome","I Centro Storico","4,190,273","1,249,524","Private room"
"96","809863","Vacanze Romane 2 Roman Holidays","Freddy","XII Monte Verde","4,187,494","124,457","Entire home/apt","172510","Roman Holidays  Vacanze Romane","Freddy","XII Monte Verde","4,187,503","1,244,613","Entire home/apt"
"96","733371","ROMANTIC B&B WITH VERANDA 3PX","Bruna","I Centro Storico","4,190,749","1,244,381","Private room","726285","ROMANTIC B&B WITH VERANDA 2PX","Bruna","I Centro Storico","4,190,637","1,244,347","Private room"
"96","837861","Le Casette di Trastevere-Casetta2","Laura","I Centro Storico","4,189,093","1,246,646","Entire home/apt","782614","Le Casette di Trastevere-Casetta 1","Laura","I Centro Storico","4,189,318","1,247,118","Entire home/apt"
"96","946986","Apartment Trastevere","Manuela","XII Monte Verde","4,187,894","1,246,725","Entire home/apt","809637","TRASTEVERE 9 apartment","Manuela","XII Monte Verde","4,188,029","124,681","Entire home/apt"
"96","1248307","Rome COLOSSEUM - CENTRAL *wifi**","Edo & Melany","I Centro Storico","4,189,041","1,249,581","Entire home/apt","1112762","ROME CENTRE COLOSSEUM **WiFI **","Edo & Melany","I Centro Storico","4,189,066","1,249,715","Entire home/apt"
"96","928637","Room in the center of rome","Alessandro","XII Monte Verde","4,187,811","1,245,896","Private room","8206377","Double room in the center of Rome","Alex","I Centro Storico","419,088","124,949","Private room"
"96","809637","TRASTEVERE 9 apartment","Manuela","XII Monte Verde","4,188,029","124,681","Entire home/apt","4609278","Apartment at Trastevere 9 beds","Manuela","XII Monte Verde","4,187,949","1,246,776","Entire home/apt"
"96","809637","TRASTEVERE 9 apartment","Manuela","XII Monte Verde","4,188,029","124,681","Entire home/apt","4610124","Apartment Trastevere","Manuela","XII Monte Verde","418,806","1,246,775","Entire home/apt"
"96","1008848","Studio Apartment with Balcony I","Sam","XIV Monte Mario","419,094","1,243,471","Entire home/apt","12821694","Studio with Balcony IV","Sam","XIV Monte Mario","419,095","1,243,628","Entire home/apt"
"95","92585","DAB","Alessandro","I Centro Storico","4,190,982","1,249,248","Private room","101801","DAB/1 - b&b","Alessandro","I Centro Storico","4,190,977","1,249,613","Private room"
"95","1047661","WellnessInnRome Shortlet 7people","Emanuela","I Centro Storico","4,190,627","1,250,126","Entire home/apt","59749","WellnessInnRome ShortLet 11people","Emanuela","I Centro Storico","4,190,613","125,006","Entire home/apt"
"95","809637","TRASTEVERE 9 apartment","Manuela","XII Monte Verde","4,188,029","124,681","Entire home/apt","152601","Apartment Trastevere Nievo 9 people","Manuela","XII Monte Verde","4,187,903","1,246,764","Entire home/apt"
"95","946986","Apartment Trastevere","Manuela","XII Monte Verde","4,187,894","1,246,725","Entire home/apt","152601","Apartment Trastevere Nievo 9 people","Manuela","XII Monte Verde","4,187,903","1,246,764","Entire home/apt"
"95","946986","Apartment Trastevere","Manuela","XII Monte Verde","4,187,894","1,246,725","Entire home/apt","152709","Trastevere 6 bed apartment","Manuela","XII Monte Verde","418,806","1,246,548","Entire home/apt"
"95","552958","Romahouse Vatican View Apartment 11","Daniela","XIII Aurelia","4,189,642","1,244,813","Entire home/apt","414211","Romahouse Vatican View Apartment 17","Daniela","XIII Aurelia","4,189,649","1,244,822","Entire home/apt"
"95","561780","Romahouse Vatican View Apartment 15","Daniela","XIII Aurelia","4,189,642","1,244,855","Entire home/apt","414211","Romahouse Vatican View Apartment 17","Daniela","XIII Aurelia","4,189,649","1,244,822","Entire home/apt"
"95","552958","Romahouse Vatican View Apartment 11","Daniela","XIII Aurelia","4,189,642","1,244,813","Entire home/apt","490348","Romahouse Vatican View Apartment 14","Daniela","XIII Aurelia","4,189,471","1,244,824","Entire home/apt"
"95","561780","Romahouse Vatican View Apartment 15","Daniela","XIII Aurelia","4,189,642","1,244,855","Entire home/apt","490348","Romahouse Vatican View Apartment 14","Daniela","XIII Aurelia","4,189,471","1,244,824","Entire home/apt"
"95","561780","Romahouse Vatican View Apartment 15","Daniela","XIII Aurelia","4,189,642","1,244,855","Entire home/apt","400179","Romahouse Vatican View Apartment 11","Daniela","XIII Aurelia","4,189,636","1,244,932","Entire home/apt"
"95","946986","Apartment Trastevere","Manuela","XII Monte Verde","4,187,894","1,246,725","Entire home/apt","539958","Trastevere 6 bed apartment","Manuela","XII Monte Verde","4,187,957","1,246,746","Entire home/apt"
"95","561780","Romahouse Vatican View Apartment 15","Daniela","XIII Aurelia","4,189,642","1,244,855","Entire home/apt","552958","Romahouse Vatican View Apartment 11","Daniela","XIII Aurelia","4,189,642","1,244,813","Entire home/apt"
"95","858936","Apartment with 4 rooms","Alessandro","IV Tiburtina","419,074","1,253,884","Entire home/apt","858935","New wonderful 4 rooms apartment !!","Alessandro","IV Tiburtina","4,190,823","1,253,958","Entire home/apt"
"95","946986","Apartment Trastevere","Manuela","XII Monte Verde","4,187,894","1,246,725","Entire home/apt","777449","Trastevere 8 bed Apartment","Manuela","XII Monte Verde","4,187,942","1,246,635","Entire home/apt"
"95","988700","Guest House & Pool","Paola","XI Arvalia/Portuense","4,182,693","1,240,554","Entire home/apt","897047","Guest House with pool and horses","Maria Paola","III Monte Sacro","4,204,246","1,258,556","Entire home/apt"
"95","1018446","Aquarius Inn, Maison de Charme, S2","Rossana","I Centro Storico","4,190,781","1,250,143","Private room","1009094","Aquarius Inn, Maison de Charme, S1","Rossana","I Centro Storico","4,190,388","1,249,862","Private room"
"95","1024236","Aquarius Inn, Maison de Charme, S3","Rossana","I Centro Storico","4,190,738","1,249,931","Private room","1009094","Aquarius Inn, Maison de Charme, S1","Rossana","I Centro Storico","4,190,388","1,249,862","Private room"
"95","1024236","Aquarius Inn, Maison de Charme, S3","Rossana","I Centro Storico","4,190,738","1,249,931","Private room","1018446","Aquarius Inn, Maison de Charme, S2","Rossana","I Centro Storico","4,190,781","1,250,143","Private room"
"95","928606","Room in the heart of Rome","Alessandro","XII Monte Verde","4,187,768","1,245,929","Private room","928448","Cozy room in the hearth of rome","Alessandro","XII Monte Verde","4,187,696","1,245,871","Private room"
"95","798038","Neighbors of Pope Via Aurelia, 79 int3","I Vicini Del Papa","XIII Aurelia","4,189,984","1,245,429","Entire home/apt","1583398","The Popes neighbors Aurelia 79 int4","I Vicini Del Papa","XIII Aurelia","4,189,967","1,245,457","Entire home/apt"
"95","946986","Apartment Trastevere","Manuela","XII Monte Verde","4,187,894","1,246,725","Entire home/apt","2698885","Trastevere 8 bed Apartment","Manuela","XII Monte Verde","4,187,901","1,246,576","Entire home/apt"
"95","946986","Apartment Trastevere","Manuela","XII Monte Verde","4,187,894","1,246,725","Entire home/apt","4609042","Trastevere 9 bed apartment","Manuela","XII Monte Verde","4,187,905","124,681","Entire home/apt"
"95","777449","Trastevere 8 bed Apartment","Manuela","XII Monte Verde","4,187,942","1,246,635","Entire home/apt","4610124","Apartment Trastevere","Manuela","XII Monte Verde","418,806","1,246,775","Entire home/apt"
"95","693077","Standard double room, Rome center","Cristobal","I Centro Storico","4,190,616","1,246,897","Private room","11662420","DOUBLE ROOM","Cristobal","I Centro Storico","4,190,533","1,246,764","Private room"
"95","1216126","CASA VACANZE RIPASSO 50 MT VATICANO","Agostino","I Centro Storico","4,190,759","1,246,169","Entire home/apt","15442518","Casa Vacanze Ripasso","Agostino","I Centro Storico","4,190,644","1,245,904","Entire home/apt"
"95","967339","Target Inn Hotel","Target Inn Rome","I Centro Storico","4,190,291","1,249,388","Private room","23070707","Doppia/letti singoli Target Inn Hotel","Target Inn Rome","I Centro Storico","4,190,352","1,249,354","Private room"
"95","967339","Target Inn Hotel","Target Inn Rome","I Centro Storico","4,190,291","1,249,388","Private room","23071332","Doppia/letti singoli Target Inn Hotel","Target Inn Rome","I Centro Storico","4,190,271","1,249,408","Private room"
"95","967339","Target Inn Hotel","Target Inn Rome","I Centro Storico","4,190,291","1,249,388","Private room","23071522","Doppia/Letti singoli Target Inn Hotel","Target Inn Rome","I Centro Storico","4,190,135","1,249,375","Private room"
"95","967339","Target Inn Hotel","Target Inn Rome","I Centro Storico","4,190,291","1,249,388","Private room","23071583","Doppia/Letti Singoli Target Inn Hotel","Target Inn Rome","I Centro Storico","4,190,307","1,249,372","Private room"
"95","1238767","Nice Loft Trastevere with terrace","Fabio","I Centro Storico","4,188,919","1,246,684","Entire home/apt","34881550","Trastevere Loft","Fabio","I Centro Storico","4,188,993","1,246,953","Entire home/apt"
"94","946986","Apartment Trastevere","Manuela","XII Monte Verde","4,187,894","1,246,725","Entire home/apt","679138","Amazing Terrace Apartment 12 people Trastevere","Manuela","XII Monte Verde","4,187,999","1,246,721","Entire home/apt"
"94","804631","Cibele B&B - Rome Center Air Room","Emma","I Centro Storico","41,895","1,249,246","Private room","782585","Cibele B&B - Rome Center Water Room","Emma","I Centro Storico","4,189,573","1,249,254","Private room"
"94","809637","TRASTEVERE 9 apartment","Manuela","XII Monte Verde","4,188,029","124,681","Entire home/apt","2698955","Apartment 9 beds Trastevere","Manuela","XII Monte Verde","4,188,038","1,246,597","Entire home/apt"
"94","878946","Best place in the heart of Rome historical center","Alessia","I Centro Storico","4,189,572","1,247,393","Entire home/apt","3407877","The heart of Rome","Alessia","I Centro Storico","418,936","1,247,867","Entire home/apt"
"94","923109","sweethome","Valentina","II Parioli/Nomentano","4,191,801","1,252,387","Entire home/apt","16200489","Sweet home in Rione Monti, centro storico, Roma","Valentina","I Centro Storico","4,189,602","1,248,992","Entire home/apt"
"94","761967","Double Room","George","I Centro Storico","4,189,055","1,250,628","Private room","26591199","Deluxe Double Room 104","Steffy George","II Parioli/Nomentano","4,192,693","1,251,595","Private room"
"93","1248307","Rome COLOSSEUM - CENTRAL *wifi**","Edo & Melany","I Centro Storico","4,189,041","1,249,581","Entire home/apt","576496","ROME CENTRE COLOSSEUM **Wi fi ! ***","Edo & Melany","I Centro Storico","4,189,073","124,953","Entire home/apt"
"93","711027","APARTMENT TRASTEVERE NIEVO B2","Manuela","XII Monte Verde","4,188,073","1,246,791","Entire home/apt","648816","APARTMENT TRASTEVERE Nievo B8","Manuela","XII Monte Verde","4,187,984","1,246,801","Entire home/apt"
"93","859809","Apartment at Trastevere Nievo B7","Manuela","XII Monte Verde","4,188,082","1,246,768","Entire home/apt","648816","APARTMENT TRASTEVERE Nievo B8","Manuela","XII Monte Verde","4,187,984","1,246,801","Entire home/apt"
"93","859809","Apartment at Trastevere Nievo B7","Manuela","XII Monte Verde","4,188,082","1,246,768","Entire home/apt","711027","APARTMENT TRASTEVERE NIEVO B2","Manuela","XII Monte Verde","4,188,073","1,246,791","Entire home/apt"
"93","946986","Apartment Trastevere","Manuela","XII Monte Verde","4,187,894","1,246,725","Entire home/apt","797453","TRASTEVERE SPACIOUS 12 bed APARTMENT","Manuela","XII Monte Verde","4,188,073","1,246,759","Entire home/apt"
"93","958253","Attic with Stunning View + Terrace","Jane","I Centro Storico","4,189,233","1,246,856","Entire home/apt","831172","Vatican view + terrace","Jane","XIII Aurelia","4,189,613","1,245,358","Entire home/apt"
"93","946986","Apartment Trastevere","Manuela","XII Monte Verde","4,187,894","1,246,725","Entire home/apt","976389","studio flat near trastevere station","Manuela","XI Arvalia/Portuense","4,186,817","1,246,704","Entire home/apt"
"93","711027","APARTMENT TRASTEVERE NIEVO B2","Manuela","XII Monte Verde","4,188,073","1,246,791","Entire home/apt","4578711","Apartment at Trastevere Nievo B5","Manuela","XII Monte Verde","4,188,091","1,246,736","Entire home/apt"
"93","859809","Apartment at Trastevere Nievo B7","Manuela","XII Monte Verde","4,188,082","1,246,768","Entire home/apt","4578711","Apartment at Trastevere Nievo B5","Manuela","XII Monte Verde","4,188,091","1,246,736","Entire home/apt"
"93","790163","APARTMENT IN VATICAN AREA","Maria","I Centro Storico","4,190,895","1,246,439","Entire home/apt","5617252","""VATICAN AREA"" amazing apartment","Maria Teresa","I Centro Storico","4,191,294","1,246,101","Entire home/apt"
"93","739341","Your cozy holiday home near Vatican","Federica","XIII Aurelia","4,189,482","1,244,202","Entire home/apt","5841793","Your cozy home, next to the Vatican","Federica","I Centro Storico","4,190,891","1,244,494","Entire home/apt"
"93","928637","Room in the center of rome","Alessandro","XII Monte Verde","4,187,811","1,245,896","Private room","8996951","Big room center Rome","Alessandra","XIII Aurelia","4,189,527","1,243,988","Private room"
"93","1026336","apartment in the center of rome","Alessandro","XII Monte Verde","4,187,786","1,245,726","Entire home/apt","11494497","Cozy two rooms apartment in central Rome","Alessandro","I Centro Storico","4,191,613","1,245,671","Entire home/apt"
"93","1000327","Rome St. Peter","Stefano","XII Monte Verde","4,187,735","1,244,815","Entire home/apt","21353599","Luxury & Design Apartment Rome S.Peter","Stefano","XIII Aurelia","4,189,944","124,556","Entire home/apt"
"93","945467","Colosseo Cosy Suite 19","Colosseo Cosy","I Centro Storico","4,188,955","125,058","Entire home/apt","16895857","Colosseo Cosy Suite 18","Colosseo Cosy","I Centro Storico","4,188,875","1,250,646","Entire home/apt"
"93","558950","LA BRICIOLA LOFT IN TRASTEVERE","Carla","I Centro Storico","4,188,949","12,476","Entire home/apt","24681972","Briciola II loft in the heart of Trastevere","Carla","I Centro Storico","4,188,806","1,247,635","Entire home/apt"
"93","998427","TRASTEVERE HEART OF ROME- WIFI FREE!","Daniela","I Centro Storico","4,188,985","1,246,873","Entire home/apt","33539658","In the heart of Trastevere","Daniela","I Centro Storico","4,188,758","1,246,998","Entire home/apt"
"92","761028","Triple room-""Opera Inn Suites B&B""","Elisabetta","XIII Aurelia","4,189,792","1,245,228","Private room","55404","Double room - Opera Inn Suites B&B","Elisabetta","XIII Aurelia","4,189,745","124,545","Private room"
"92","761603","Quadruple room-Opera Inn Suites B&B","Elisabetta","XIII Aurelia","4,189,758","1,245,438","Private room","55404","Double room - Opera Inn Suites B&B","Elisabetta","XIII Aurelia","4,189,745","124,545","Private room"
"92","675485","GREAT B&B IN A GREAT LOCATION *2","Valentina","I Centro Storico","4,189,782","1,249,611","Private room","163126","GREAT B&B IN A GREAT LOCATION *1","Valentina","I Centro Storico","4,190,007","1,249,492","Private room"
"92","550400","B&B Bio Organic  Roma Turmeric Room","Barbara","XV Cassia/Flaminia","4,194,253","1,244,083","Private room","322298","B&B Bio Organic  Roma Ginger Room","Barbara","XV Cassia/Flaminia","4,194,394","1,244,066","Private room"
"92","871865","Charming flat near Campo de Fiori","Alessandro","I Centro Storico","418,992","1,246,675","Entire home/apt","871676","Charming boat in Campo de' Fiori","Alessandro","I Centro Storico","4,189,772","124,719","Entire home/apt"
"92","825299","Pettinarihome 2 Campo dei Fiori","Rita","I Centro Storico","4,189,553","1,247,368","Entire home/apt","747656","Pettinarihome Campo de FIORI","Rita","I Centro Storico","4,189,439","1,247,296","Entire home/apt"
"92","761603","Quadruple room-Opera Inn Suites B&B","Elisabetta","XIII Aurelia","4,189,758","1,245,438","Private room","761028","Triple room-""Opera Inn Suites B&B""","Elisabetta","XIII Aurelia","4,189,792","1,245,228","Private room"
"92","766424","A casa Boschi b&b Suite Mandarina","Irene","I Centro Storico","419,145","1,245,277","Private room","766376","A casa Boschi b&b Suite Fiordaliso","Irene","I Centro Storico","4,191,452","1,245,355","Private room"
"92","804601","Cibele B&B - Rome Center Earth Room","Emma","I Centro Storico","4,189,555","124,908","Private room","782585","Cibele B&B - Rome Center Water Room","Emma","I Centro Storico","4,189,573","1,249,254","Private room"
"92","817513","IL BOOM B&B TRASTEVERE - Room VITTI","Angelo","I Centro Storico","4,188,466","1,246,524","Private room","800652","IL BOOM B&B TRASTEVERE Room LOREN","Angelo","I Centro Storico","4,188,427","1,246,515","Private room"
"92","1269648","Marco e Laura B&B: Triple room","Laura","XIII Aurelia","4,189,991","1,244,358","Private room","1269615","Marco e Laura B&B: Double room","Laura","XIII Aurelia","4,189,869","1,244,392","Private room"
"92","1247612","Central room with private bathroom (Metro A - C)","Alessandra","VII San Giovanni/Cinecittà","4,188,367","1,251,331","Private room","1242610","Cozy and central with private bathroom","Alessandra","VII San Giovanni/Cinecittà","4,188,351","1,251,344","Private room"
"92","956558","Holiday rental St.Peter's area (4 beds)","Maurizio","XIII Aurelia","4,189,353","1,244,399","Entire home/apt","3051474","Holiday rental St.Peter's area (3 beds)","Maurizio","XIII Aurelia","4,189,576","1,244,526","Entire home/apt"
"92","844558","I Mulini a Vento B&B Singole","Daniele","I Centro Storico","4,190,828","124,604","Private room","4858622","I Mulini a Vento B&B Double","Daniele","I Centro Storico","4,190,983","1,245,898","Private room"
"92","928606","Room in the heart of Rome","Alessandro","XII Monte Verde","4,187,768","1,245,929","Private room","8657289","Room at Fori Imperiali/ Monti, the heart of Rome!","Alessandra","I Centro Storico","4,189,462","1,248,708","Private room"
"92","956558","Holiday rental St.Peter's area (4 beds)","Maurizio","XIII Aurelia","4,189,353","1,244,399","Entire home/apt","10547700","Holiday rental St.Peter's area (2 beds)","Maurizio","XIII Aurelia","4,189,573","1,244,429","Entire home/apt"
"92","1000327","Rome St. Peter","Stefano","XII Monte Verde","4,187,735","1,244,815","Entire home/apt","11652513","Costantino Secondo, Roma St. Pietro","Stefano","I Centro Storico","4,190,973","1,245,655","Entire home/apt"
"92","1026336","apartment in the center of rome","Alessandro","XII Monte Verde","4,187,786","1,245,726","Entire home/apt","19209435","Cozy Apartment near the Center of Rome","Alessandra","V Prenestino/Centocelle","4,188,082","1,254,142","Entire home/apt"
"92","738741","COLOSSEUM  AMORE  Apartment","Stefano","I Centro Storico","4,189,615","1,250,694","Entire home/apt","18907494","Apartment Coliseum","Stefano","I Centro Storico","4,188,911","1,249,442","Entire home/apt"
"92","796926","COLISEUM ROOMS, Huge room 10min Colosseum","Gianluca","I Centro Storico","4,188,794","1,250,821","Private room","16923829","colosseum room","Gianluca","I Centro Storico","4,189,307","1,249,249","Private room"
"92","808450","IN THE HEART OF ROME","Francesca","I Centro Storico","4,189,553","1,247,337","Entire home/apt","21207913","Amazing loft in the heart of Rome whit great view!","Francesca","I Centro Storico","4,190,542","1,248,545","Entire home/apt"
"92","761967","Double Room","George","I Centro Storico","4,189,055","1,250,628","Private room","26591060","Superior Double Room (room 105)","Steffy George","II Parioli/Nomentano","4,192,712","125,145","Private room"
"92","92585","DAB","Alessandro","I Centro Storico","4,190,982","1,249,248","Private room","25768444","Dab Guest House - Vintage Standard Room","Alessandro","I Centro Storico","4,190,969","1,249,731","Private room"
"92","92585","DAB","Alessandro","I Centro Storico","4,190,982","1,249,248","Private room","26834159","Dab Guest House - Pop Superior  Room","Alessandro","I Centro Storico","4,190,923","1,249,615","Private room"
"92","92585","DAB","Alessandro","I Centro Storico","4,190,982","1,249,248","Private room","26834622","Dab Guest House - Industrial Basic Room","Alessandro","I Centro Storico","4,190,949","1,249,651","Private room"
"92","92585","DAB","Alessandro","I Centro Storico","4,190,982","1,249,248","Private room","26835535","DAB Guest House - Floreal Basic Room","Alessandro","I Centro Storico","4,191,049","1,249,653","Private room"
"92","92585","DAB","Alessandro","I Centro Storico","4,190,982","1,249,248","Private room","26806338","Dab Guest House - Baldacchino Standard Room","Alessandro","I Centro Storico","4,190,926","1,249,613","Private room"
"92","92585","DAB","Alessandro","I Centro Storico","4,190,982","1,249,248","Private room","26807026","Dab Guest House - City Standard Room","Alessandro","I Centro Storico","4,190,968","124,973","Private room"
"92","1086589","Vatican apartment","Loredana","I Centro Storico","4,190,513","1,244,758","Entire home/apt","33468925","COLONNA LUXURY APARTMENT VATICANO","Loredana","I Centro Storico","4,191,164","124,675","Entire home/apt"
"92","1108531","TRASTEVERE'S HOME","Francesca","I Centro Storico","418,887","1,247,384","Entire home/apt","33729957","Sweet Home in the Trastevere district","Paolo &  Francesca","I Centro Storico","4,189,111","1,246,766","Entire home/apt"
"91","920626","Small but nice single room in Rome","Giulia","XIV Monte Mario","4,193,637","124,264","Private room","105153","Small but nice double room in Rome","Giulia","XIV Monte Mario","4,194,302","1,242,244","Private room"
"91","957703","Casa Cimabue Roma centro camera 3","Petra","II Parioli/Nomentano","4,192,178","124,709","Private room","427944","Casa Cimabue in the center of Rome.","Petra","II Parioli/Nomentano","4,192,033","1,247,268","Private room"
"91","796926","COLISEUM ROOMS, Huge room 10min Colosseum","Gianluca","I Centro Storico","4,188,794","1,250,821","Private room","392516","COLISEUM ROOMS, Bright room 10min Colosseum","Gianluca","I Centro Storico","4,188,812","1,250,686","Private room"
"91","957703","Casa Cimabue Roma centro camera 3","Petra","II Parioli/Nomentano","4,192,178","124,709","Private room","512967","Casa Cimabue in the center of Rome.","Petra","II Parioli/Nomentano","419,208","1,247,081","Private room"
"91","760134","Vatican B&B Rome Room Colonnato","Irina","XIII Aurelia","4,189,856","1,245,468","Private room","630815","Vatican B&B Rome Room ''Castello''","Irina","XIII Aurelia","4,189,783","1,245,355","Private room"
"91","760620","Rome Center Charming Vintage House","Giulia & Susanna","VII San Giovanni/Cinecittà","4,188,723","1,251,374","Private room","634305","Rome center Charming Vintage House","Giulia & Susanna","I Centro Storico","4,188,759","1,251,096","Private room"
"91","545918","A charming place in vatican zone-2","Simona","XIII Aurelia","4,189,761","1,245,717","Private room","603872","A charming place in vatican zone-1","Simona","XIII Aurelia","418,993","1,245,682","Private room"
"91","545918","A charming place in vatican zone-2","Simona","XIII Aurelia","4,189,761","1,245,717","Private room","603875","A charming place in vatican zone-3","Simona","XIII Aurelia","4,189,792","1,245,596","Private room"
"91","933336","B&B Vaticano/San Pietro Camera Tripla","Andrea","XIII Aurelia","4,190,084","1,244,566","Private room","874822","B&B Vaticano/San Pietro Camera Matrimoniale","Andrea","XIII Aurelia","4,190,052","1,244,447","Private room"
"91","981661","Apartment x 2 ""Opera Inn Suites""","Elisabetta","XIII Aurelia","4,189,894","1,245,237","Entire home/apt","763338","Apartment x 6 "" Opera Inn Suites ""","Elisabetta","XIII Aurelia","4,189,713","1,245,423","Entire home/apt"
"91","981712","Apartment x 4 - ""Opera Inn Suites""","Elisabetta","XIII Aurelia","4,189,749","1,245,287","Entire home/apt","763338","Apartment x 6 "" Opera Inn Suites ""","Elisabetta","XIII Aurelia","4,189,713","1,245,423","Entire home/apt"
"91","770792","DOMUS CAVOUR B&B FAMILY ROOM","Domus Hotel","I Centro Storico","419,086","1,246,733","Private room","770715","DOMUS CAVOUR B&B SINGLE ROOM","Domus Hotel","I Centro Storico","4,190,798","1,246,944","Private room"
"91","778013","Room Campo de' fiori -Family life 1","Julia","I Centro Storico","4,189,449","1,247,307","Private room","778012","Room Campo de' fiori, family life 2","Julia","I Centro Storico","4,189,454","124,731","Private room"
"91","866666","B&B TUTTIDAMARI Room SOCRATE - Colosseo","Marina","VII San Giovanni/Cinecittà","4,188,605","1,251,232","Private room","852799","B&B TUTTIDAMARI Room IAGO -Colosseo","Marina","VII San Giovanni/Cinecittà","4,188,569","1,251,241","Private room"
"91","981712","Apartment x 4 - ""Opera Inn Suites""","Elisabetta","XIII Aurelia","4,189,749","1,245,287","Entire home/apt","981661","Apartment x 2 ""Opera Inn Suites""","Elisabetta","XIII Aurelia","4,189,894","1,245,237","Entire home/apt"
"91","928637","Room in the center of rome","Alessandro","XII Monte Verde","4,187,811","1,245,896","Private room","928606","Room in the heart of Rome","Alessandro","XII Monte Verde","4,187,768","1,245,929","Private room"
"91","1151453","Pope's neighbors v. aurelia 79int 7","I Vicini Del Papa","XIII Aurelia","4,189,937","1,245,334","Entire home/apt","1583398","The Popes neighbors Aurelia 79 int4","I Vicini Del Papa","XIII Aurelia","4,189,967","1,245,457","Entire home/apt"
"91","1026336","apartment in the center of rome","Alessandro","XII Monte Verde","4,187,786","1,245,726","Entire home/apt","2195366","Family apartment in central Rome","Alessandra","I Centro Storico","4,190,086","1,247,461","Entire home/apt"
"91","831354","Fruit Rooms your sweet home in Rome","Kalim","I Centro Storico","4,190,606","1,249,975","Private room","2799528","Kiwi Room, your sweet home in Rome","Kalim","I Centro Storico","4,190,522","1,250,056","Private room"
"91","1230460","Roma Trastevere apt. sleeps 4 pax","Francesco","I Centro Storico","4,189,205","124,701","Entire home/apt","3111862","Roma Trastevere apt sleeps 4 ROVERE","Francesco","I Centro Storico","4,189,842","1,246,179","Entire home/apt"
"91","924507","149 GUESTHOUSE B&B Room B","Enrico E Paola","I Centro Storico","4,188,111","1,247,674","Private room","7550075","149 GUESTHOUSE B&B Room A","Enrico E Paola","I Centro Storico","4,188,095","1,247,594","Private room"
"91","750579","""Rome centre"" chic flat/Pantanella","Giuseppe","I Centro Storico","4,189,033","125,161","Entire home/apt","5899664","Apartment in the center of Rome","Giuseppe","XII Monte Verde","4,187,185","1,245,878","Entire home/apt"
"91","831224","Loft in Rome","Andrea","VI Roma delle Torri","4,187,328","1,259,528","Entire home/apt","5059021","Mini-Loft with view!Trastevere Roma","Andrea","XII Monte Verde","4,187,396","1,246,368","Entire home/apt"
"91","877647","CHEAP & CHIC BLUE STUDIO @COLISEUM with Balcony!","Super Host","I Centro Storico","4,188,945","1,250,318","Entire home/apt","5612157","CHEAP & CHIC ORANGE STUDIO @COLISEUM with Balcony!","Super Host","I Centro Storico","418,899","1,250,286","Entire home/apt"
"91","1086809","Your home in Rome","Michela","XIV Monte Mario","4,191,887","1,242,486","Entire home/apt","6321404","Your home in the heart of Rome","Michele","I Centro Storico","4,189,632","124,732","Entire home/apt"
"91","896479","Affitto stanza singola","Annalisa","I Centro Storico","419,123","1,244,991","Private room","9308818","STANZA IN AFFITTO","Anna","IV Tiburtina","4,191,094","125,394","Private room"
"91","808450","IN THE HEART OF ROME","Francesca","I Centro Storico","4,189,553","1,247,337","Entire home/apt","14863358","Amazing terrace Vatican view,in the heart of Rome","Simone, Francesca&Alessia","XIII Aurelia","4,190,011","1,244,896","Entire home/apt"
"91","740478","""COLOSSEUM NEWYORK""  , Apartment 7p","Stefano","I Centro Storico","4,189,133","1,251,323","Entire home/apt","18907494","Apartment Coliseum","Stefano","I Centro Storico","4,188,911","1,249,442","Entire home/apt"
"91","946986","Apartment Trastevere","Manuela","XII Monte Verde","4,187,894","1,246,725","Entire home/apt","17084099","Nice Apartment in Trastevere","Manuele","I Centro Storico","4,189,118","1,246,752","Entire home/apt"
"91","92585","DAB","Alessandro","I Centro Storico","4,190,982","1,249,248","Private room","26836196","Dab Guest House - Stanza Rossa Superior Room","Alessandro","I Centro Storico","4,191,065","1,249,603","Private room"
"91","1187009","Domus Appia Antica, 2 bedrooms and terrace","Enrico","VII San Giovanni/Cinecittà","4,183,481","1,259,606","Entire home/apt","23960452","Domus Appia Antica, 4 bedrooms and terrace","Enrico","VII San Giovanni/Cinecittà","4,183,253","1,259,707","Entire home/apt"
"91","616243","central apartament Rome near subway","Francesca","VII San Giovanni/Cinecittà","4,187,388","1,251,784","Entire home/apt","27637916","Apartment in the center of Rome","Francesco","VII San Giovanni/Cinecittà","4,188,384","1,251,197","Entire home/apt"
"91","1000327","Rome St. Peter","Stefano","XII Monte Verde","4,187,735","1,244,815","Entire home/apt","22609324","Costantino Terzo Residence, Roma St.Pietro","Stefano","I Centro Storico","4,191,215","1,245,669","Entire home/apt"
"90","832679","LT Rooms - triple/private bathroom","Gaetano","XIII Aurelia","4,189,947","1,243,647","Private room","270065","LT Rooms - double/private bathroom","Gaetano","XIII Aurelia","4,190,101","1,243,795","Private room"
"90","834741","LT Rooms-quadruple/private bathroom","Gaetano","XIII Aurelia","4,190,086","1,243,748","Private room","270065","LT Rooms - double/private bathroom","Gaetano","XIII Aurelia","4,190,101","1,243,795","Private room"
"90","711057","Gelsomina room in S.Pietro Double","Mattia","I Centro Storico","419,063","1,245,823","Private room","339919","Gelsomina room in S.Pietro triple","Mattia","I Centro Storico","4,190,782","1,245,757","Private room"
"90","783309","The ""ingegno"" room & organic breakfast @mammarampa","Claudia & Livia","XIII Aurelia","4,189,624","1,245,133","Private room","757216","""Comodona"" room & organic breakfast @mammarampa","Claudia & Livia","XIII Aurelia","4,189,637","1,245,103","Private room"
"90","817475","IL BOOM B&B TRASTEVERE - MAGNANI","Angelo","I Centro Storico","4,188,531","1,246,677","Private room","800652","IL BOOM B&B TRASTEVERE Room LOREN","Angelo","I Centro Storico","4,188,427","1,246,515","Private room"
"90","1045646","MONTI ACCOMODATION&STUDIO 4 CANTONI","Orizio & Silvia","I Centro Storico","4,189,662","1,249,645","Entire home/apt","812342","MONTI ACCOMODATION & LOFT 4 CANTONI","Orizio & Silvia","I Centro Storico","4,189,675","1,249,668","Entire home/apt"
"90","817513","IL BOOM B&B TRASTEVERE - Room VITTI","Angelo","I Centro Storico","4,188,466","1,246,524","Private room","817475","IL BOOM B&B TRASTEVERE - MAGNANI","Angelo","I Centro Storico","4,188,531","1,246,677","Private room"
"90","834741","LT Rooms-quadruple/private bathroom","Gaetano","XIII Aurelia","4,190,086","1,243,748","Private room","832679","LT Rooms - triple/private bathroom","Gaetano","XIII Aurelia","4,189,947","1,243,647","Private room"
"90","838414","Graziosa camera vicino al Centro!","Paolo","XIII Aurelia","4,189,704","124,309","Private room","838400","Graziosa camera vicino al Vaticano!","Paolo","XIII Aurelia","4,189,786","1,243,511","Private room"
"90","855912","Fori Up 4 pax in the heart of Roma","Luca","I Centro Storico","418,921","1,248,527","Entire home/apt","852680","Fori Suite 4 pax the heart of Rome","Luca","I Centro Storico","41,892","1,248,368","Entire home/apt"
"90","1084807","St. Peter-Big, quiet & comfortable","Nicola","I Centro Storico","4,190,857","1,245,875","Entire home/apt","971672","St. Peter - Big and quiet apartment","Nicola","I Centro Storico","4,191,011","1,246,043","Entire home/apt"
"90","1170571","Very Nice Room in Magic Trastevere","Maurilio","I Centro Storico","4,188,885","124,702","Private room","998048","Large and nice room in magic Trastevere","Maurilio","I Centro Storico","4,188,813","1,247,064","Private room"
"90","1195955","Dalmati House 4 apartment in Rome","Giovanni","II Parioli/Nomentano","4,189,846","1,251,537","Entire home/apt","1020482","Dalmati House 7 apartment in Rome","Giovanni","II Parioli/Nomentano","4,190,002","1,251,622","Entire home/apt"
"90","1196652","Dalmati House 2 apartment in Rome","Giovanni","II Parioli/Nomentano","4,189,882","1,251,541","Entire home/apt","1020482","Dalmati House 7 apartment in Rome","Giovanni","II Parioli/Nomentano","4,190,002","1,251,622","Entire home/apt"
"90","1196684","Dalmati House 1 apartment in Rome","Giovanni","II Parioli/Nomentano","4,189,924","12,516","Entire home/apt","1020482","Dalmati House 7 apartment in Rome","Giovanni","II Parioli/Nomentano","4,190,002","1,251,622","Entire home/apt"
"90","1020482","Dalmati House 7 apartment in Rome","Giovanni","II Parioli/Nomentano","4,190,002","1,251,622","Entire home/apt","999135","Dalmati House 6 apartment in Rome","Giovanni","II Parioli/Nomentano","4,189,836","1,251,492","Entire home/apt"
"90","1195955","Dalmati House 4 apartment in Rome","Giovanni","II Parioli/Nomentano","4,189,846","1,251,537","Entire home/apt","999135","Dalmati House 6 apartment in Rome","Giovanni","II Parioli/Nomentano","4,189,836","1,251,492","Entire home/apt"
"90","1196652","Dalmati House 2 apartment in Rome","Giovanni","II Parioli/Nomentano","4,189,882","1,251,541","Entire home/apt","999135","Dalmati House 6 apartment in Rome","Giovanni","II Parioli/Nomentano","4,189,836","1,251,492","Entire home/apt"
"90","1196684","Dalmati House 1 apartment in Rome","Giovanni","II Parioli/Nomentano","4,189,924","12,516","Entire home/apt","999135","Dalmati House 6 apartment in Rome","Giovanni","II Parioli/Nomentano","4,189,836","1,251,492","Entire home/apt"
"90","928637","Room in the center of rome","Alessandro","XII Monte Verde","4,187,811","1,245,896","Private room","928448","Cozy room in the hearth of rome","Alessandro","XII Monte Verde","4,187,696","1,245,871","Private room"
"90","933336","B&B Vaticano/San Pietro Camera Tripla","Andrea","XIII Aurelia","4,190,084","1,244,566","Private room","933324","B&B Vaticano/San Pietro Camera doppia/Matrimoniale","Andrea","XIII Aurelia","4,189,787","1,245,507","Private room"
"90","939159","Coliseum Roo (Website hidden by Airbnb) Mazzini","Roberto","I Centro Storico","4,191,504","1,246,244","Private room","936664","St. Peter's Roo (Website hidden by Airbnb) Mazzini","Roberto","I Centro Storico","4,191,556","1,246,087","Private room"
"90","1196652","Dalmati House 2 apartment in Rome","Giovanni","II Parioli/Nomentano","4,189,882","1,251,541","Entire home/apt","1195955","Dalmati House 4 apartment in Rome","Giovanni","II Parioli/Nomentano","4,189,846","1,251,537","Entire home/apt"
"90","1196684","Dalmati House 1 apartment in Rome","Giovanni","II Parioli/Nomentano","4,189,924","12,516","Entire home/apt","1195955","Dalmati House 4 apartment in Rome","Giovanni","II Parioli/Nomentano","4,189,846","1,251,537","Entire home/apt"
"90","1196684","Dalmati House 1 apartment in Rome","Giovanni","II Parioli/Nomentano","4,189,924","12,516","Entire home/apt","1196652","Dalmati House 2 apartment in Rome","Giovanni","II Parioli/Nomentano","4,189,882","1,251,541","Entire home/apt"
"90","1211926","Manara 1 independent flat in Trastevere","Emanuela","I Centro Storico","418,886","1,247,026","Entire home/apt","1381094","Manara 3 independent flat in Trastevere","Emanuela","I Centro Storico","4,188,899","1,247,009","Entire home/apt"
"90","714214","ROME. CAMPO DE FIORI, BLUE APARTMENT.","Luca","I Centro Storico","418,952","1,247,044","Entire home/apt","1774992","ROME, CAMPO DE FIORI, RED APARTMENT.","Luca","I Centro Storico","418,953","1,247,142","Entire home/apt"
"90","770199","COLOSSEUM LOVELY STUDIO 5 MIN WALK","Sasa","I Centro Storico","41,895","1,249,412","Entire home/apt","1890360","COLOSSEUM II LOVELY ONLY 5 MIN WALK","Sasa","I Centro Storico","4,189,489","1,249,226","Entire home/apt"
"90","1095700","PANTHEON- SPANISH STEPS APARTMENT 2","My Magic","I Centro Storico","4,190,659","1,247,943","Entire home/apt","2183219","PANTHEON- SPANISH STEPS APARTMENT 3","My Magic","I Centro Storico","4,190,646","1,248,007","Entire home/apt"
"90","1248421","Colosseo - Independent Apartment with Living Room","Maria Alberta","I Centro Storico","4,188,687","1,249,831","Entire home/apt","3116695","Colosseo - Luxury Apartment with Living Room","Maria Alberta","I Centro Storico","4,188,728","1,249,644","Entire home/apt"
"90","924507","149 GUESTHOUSE B&B Room B","Enrico E Paola","I Centro Storico","4,188,111","1,247,674","Private room","7550381","149 GUESTHOUSE B&B Room C with JACUZZI","Enrico E Paola","I Centro Storico","4,188,037","1,247,665","Private room"
"90","937104","Villa in private rooms Rome, Zimmer, Guest House","Fabrizio","XIII Aurelia","4,190,665","1,231,518","Private room","5301351","Villa, Rome, private rooms, ( ROSA )","Fabrizio","XIII Aurelia","4,190,521","1,231,549","Private room"
"90","1286735","Dormitory mixed  (M and F)3","Romangelo","I Centro Storico","4,189,989","1,250,231","Shared room","6286270","Dormitory mixed  (M and F)4","Romangelo","I Centro Storico","419,002","1,250,312","Shared room"
"90","1026336","apartment in the center of rome","Alessandro","XII Monte Verde","4,187,786","1,245,726","Entire home/apt","6037607","Flat for families in central Rome","Alessandra","I Centro Storico","4,190,172","1,247,542","Entire home/apt"
"90","1272337","Central Rome, House on the Janiculum Hill","Sabrina  & Roberto","XII Monte Verde","4,187,569","1,246,121","Entire home/apt","7695261","Center  of Rome","Roberto","I Centro Storico","4,188,623","124,709","Entire home/apt"
"90","809863","Vacanze Romane 2 Roman Holidays","Freddy","XII Monte Verde","4,187,494","124,457","Entire home/apt","6950842","Vacanze romane","Luigi Ferdinando","II Parioli/Nomentano","4,192,949","1,252,124","Entire home/apt"
"90","849111","L'INCANTO DI ROMA APARTMENT!","Laura","I Centro Storico","4,190,932","1,249,817","Entire home/apt","11603637","L' INCANTO DI SAN PIETRO APARTMENT","Laura","I Centro Storico","4,190,759","1,245,612","Entire home/apt"
"90","1248421","Colosseo - Independent Apartment with Living Room","Maria Alberta","I Centro Storico","4,188,687","1,249,831","Entire home/apt","21417966","Colosseo - Luxury Apartment with Living Room","Maria Alberta","I Centro Storico","4,188,848","1,249,816","Entire home/apt"
"90","786653","COLISEUM ROOMS B&B - Cozy Trevi","Gianluca","I Centro Storico","4,188,925","1,250,827","Private room","16923829","colosseum room","Gianluca","I Centro Storico","4,189,307","1,249,249","Private room"
"90","786796","COLISEUM ROOMS B&B - Large Navona","Gianluca","I Centro Storico","4,188,833","1,250,853","Private room","16923829","colosseum room","Gianluca","I Centro Storico","4,189,307","1,249,249","Private room"
"90","790163","APARTMENT IN VATICAN AREA","Maria","I Centro Storico","4,190,895","1,246,439","Entire home/apt","19991945","Appartamento zona Vaticano/Apartment Vatican area","Miriam","I Centro Storico","4,190,795","1,245,525","Entire home/apt"
"90","1211926","Manara 1 independent flat in Trastevere","Emanuela","I Centro Storico","418,886","1,247,026","Entire home/apt","16609236","Manara 4 independent flat in Trastevere","Emanuela","I Centro Storico","4,188,764","1,246,967","Entire home/apt"
"90","928448","Cozy room in the hearth of rome","Alessandro","XII Monte Verde","4,187,696","1,245,871","Private room","23008785","Cosy room in Rome","Alessandra","XI Arvalia/Portuense","4,185,669","1,245,588","Private room"
"90","1026336","apartment in the center of rome","Alessandro","XII Monte Verde","4,187,786","1,245,726","Entire home/apt","23072532","Lovely apartment in the heart of Rome","Alessandro","I Centro Storico","4,191,031","1,245,796","Entire home/apt"
"90","1204975","Deluxe Rooms classic or modern double","Giovanni","I Centro Storico","4,190,807","1,245,889","Private room","29982547","Deluxe Rooms classic or modern quadruple","Giovanni","I Centro Storico","419,065","1,246,004","Private room"
"90","761967","Double Room","George","I Centro Storico","4,189,055","1,250,628","Private room","29115121","Cozy Double Room near Metro Battistini","Giorgio","XIV Monte Mario","4,190,743","124,114","Private room"
"90","1026336","apartment in the center of rome","Alessandro","XII Monte Verde","4,187,786","1,245,726","Entire home/apt","35323729","NEW Cozy one-bedroom flat central Rome","Alessandro","I Centro Storico","4,190,616","1,249,858","Entire home/apt"
"89","946986","Apartment Trastevere","Manuela","XII Monte Verde","4,187,894","1,246,725","Entire home/apt","794830","Appartamento Trastevere 6 posti letto","Manuela","XII Monte Verde","4,187,888","124,656","Entire home/apt"
"89","1151453","Pope's neighbors v. aurelia 79int 7","I Vicini Del Papa","XIII Aurelia","4,189,937","1,245,334","Entire home/apt","798038","Neighbors of Pope Via Aurelia, 79 int3","I Vicini Del Papa","XIII Aurelia","4,189,984","1,245,429","Entire home/apt"
"89","773978","*GORGEOUS* 220mq in the HEART of ROME - 6 BEDROOMS","Annalisa","XII Monte Verde","4,188,186","1,246,762","Entire home/apt","3778550","HEART OF ROME","Ann","I Centro Storico","4,189,454","1,247,214","Entire home/apt"
"89","771662","In the historic center with garden","King Edward","I Centro Storico","4,188,954","1,248,154","Entire home/apt","3816910","Charme in the historic center","King Edward","I Centro Storico","419,005","1,246,711","Entire home/apt"
"89","794830","Appartamento Trastevere 6 posti letto","Manuela","XII Monte Verde","4,187,888","124,656","Entire home/apt","4610124","Apartment Trastevere","Manuela","XII Monte Verde","418,806","1,246,775","Entire home/apt"
"89","844558","I Mulini a Vento B&B Singole","Daniele","I Centro Storico","4,190,828","124,604","Private room","4861251","I Mulini a Vento B&B Triple/Quad Room","Daniele","I Centro Storico","4,190,926","1,245,998","Private room"
"89","839925","Roma *Casa Circe*  VILLA NEL VERDE","Luciana","VII San Giovanni/Cinecittà","4,184,358","1,255,819","Entire home/apt","8539386","Roma***Casina Circe***","Luciana","VII San Giovanni/Cinecittà","4,184,181","1,255,658","Entire home/apt"
"89","1026336","apartment in the center of rome","Alessandro","XII Monte Verde","4,187,786","1,245,726","Entire home/apt","15948132","Fine apartment central rome porto fluviale area","Alex","XI Arvalia/Portuense","4,187,076","1,246,951","Entire home/apt"
"89","1086589","Vatican apartment","Loredana","I Centro Storico","4,190,513","1,244,758","Entire home/apt","15318064","Vatican Doria Apartment","Giovanni Luca Loredana Alessandra","I Centro Storico","4,191,143","1,245,535","Entire home/apt"
"89","924234","lovely flat in the centre of Rome","Angela","I Centro Storico","4,189,536","1,247,099","Entire home/apt","15659818","lovely property","Angelo","III Monte Sacro","4,195,763","125,259","Entire home/apt"
"89","946986","Apartment Trastevere","Manuela","XII Monte Verde","4,187,894","1,246,725","Entire home/apt","21603801","Nice Apartment in Trastevere 2","Manuele","I Centro Storico","4,188,998","1,246,793","Entire home/apt"
"89","1242756","Casa Regola,     Campo de Fiori","Carlo","I Centro Storico","4,189,501","1,247,205","Entire home/apt","21396370","Casa","Monica E Carlo","I Centro Storico","4,190,538","1,244,627","Entire home/apt"
"89","560450","Rome - Bed & Breakfast Fonteiana66","Alessandra","XII Monte Verde","418,816","1,245,552","Private room","20204076","RoOMe","Alessandra","I Centro Storico","4,190,242","1,250,583","Private room"
"89","1026336","apartment in the center of rome","Alessandro","XII Monte Verde","4,187,786","1,245,726","Entire home/apt","23811780","Triple Single - 2BR Luxury Apartment Central Rome","Alex","I Centro Storico","41,897","1,249,185","Entire home/apt"
"89","946986","Apartment Trastevere","Manuela","XII Monte Verde","4,187,894","1,246,725","Entire home/apt","30153601","Nice apartment in Trastevere Scala","Manuele","I Centro Storico","4,189,049","1,246,825","Entire home/apt"
"89","1192479","Suite In Rome","Anna Maria","X Ostia/Acilia","4,174,715","1,237,933","Entire home/apt","31800322","S. Peter's Square Rome","Marina","I Centro Storico","4,190,795","1,245,598","Entire home/apt"
"89","1026336","apartment in the center of rome","Alessandro","XII Monte Verde","4,187,786","1,245,726","Entire home/apt","29963844","ROME RIONE CENTER APARTMENT","Bianca & Alex","I Centro Storico","4,189,573","1,249,465","Entire home/apt"
"89","928448","Cozy room in the hearth of rome","Alessandro","XII Monte Verde","4,187,696","1,245,871","Private room","31890810","Cozy Room","Maya Alexandra","VII San Giovanni/Cinecittà","4,187,314","1,252,229","Private room"
